Username,Preprocessed_Tweet_Text,Timestamp,classification
murphieku,rt kangwaqfi2 politisasi agama prediksi capai magnitudenya milu 2024 nanti hanya satu kata lawan,2023-01-17 03:40:01+00:00,pemilu
dpcpdkotacrb,insiden korban jiwa milu 2019 jangan ulang agusyudhoyono ahy pimpin ubah,2023-01-17 03:39:48+00:00,pemilu
YanHarahap,konsep koalisi yg baik adlh jadi win2 solution para pihak yg koalisi begitu bentuk benar2 mnjd k,2023-01-17 03:39:37+00:00,pemilu
sammy_frangky,rt oposisicerdas hariman siregar kalau milu tunda karena alas tidak ada duit ngapain bikin ikn,2023-01-17 03:39:28+00:00,pemilu
tkngsiomay,radixwp diposurop ramasari6789 tomahawkriders buyungbin1 aesculapiusw zulfiarrahman soetansjahrir45,2023-01-17 03:39:16+00:00,pemilu
aacayyyyyy,rt bennyharmanid dalam demokrasi elektoral negara larang pihak salah satu pihak yg tanding dlm milu utk rebut kuasa r,2023-01-17 03:39:15+00:00,pemilu
Trianggorobroto,rt narasinewsroom duga manipulasi data ubah berita acara perintah langsung kpu ri kpud buat lolos partai y,2023-01-17 03:39:02+00:00,pemilu
Moyo26278086,ajar dr alam milu 2019 yg tlah mmakan korban jiwa d pihak selenggara milu yakni 894 tugas ning,2023-01-17 03:38:51+00:00,pemilu
Bluelinedot,rt narasinewsroom duga manipulasi data ubah berita acara perintah langsung kpu ri kpud buat lolos partai y,2023-01-17 03:38:28+00:00,pemilu
DeBrite27,rt narasinewsroom duga manipulasi data ubah berita acara perintah langsung kpu ri kpud buat lolos partai y,2023-01-17 03:38:25+00:00,pemilu
wantahgdn__,sangkal yoh4nies bapak politik identitas justru menyalahgunakan ahok,2023-01-17 03:38:08+00:00,pemilu
AnugrahDaniar,rt teguhtimurcom hariman siregar kalau milu tunda karena alas tidak ada duit ngapain bikin ikn,2023-01-17 03:37:48+00:00,pemilu
EMokoginto,partai raih banyak dua suara nasional milu 2019 instruksi kader sosialisasi mente,2023-01-17 03:37:29+00:00,pemilu
DeenAwwalu,helmifelis wong cilik dagang partai wong licik rakyat buat terus miskin bodoh bisa tipu milu,2023-01-17 03:37:17+00:00,pemilu
EMokoginto,partai gerindra jadi menang milu 2024 jawa barat ungkap muzani prabowo dekade08,2023-01-17 03:37:12+00:00,pemilu
merdekadotcom,jokowi tak ingin masyarakat jadi korban politik identitas milu 2024,2023-01-17 03:37:05+00:00,pemilu
LamonganKpu,temanpemilih kpu kabupaten lamongan ikut rapat koordinasi rakor meta tempat mungut suara tps milu t,2023-01-17 03:37:05+00:00,pemilu
Acil11147618,rt oposisicerdas hariman siregar kalau milu tunda karena alas tidak ada duit ngapain bikin ikn,2023-01-17 03:36:34+00:00,pemilu
FahrezaMaliq,partai gerindra jadi menang milu 2024 jawa barat ungkap muzani prabowo dekade08,2023-01-17 03:36:21+00:00,pemilu
FahrezaMaliq,partai raih banyak dua suara nasional milu 2019 instruksi kader sosialisasi mente,2023-01-17 03:36:05+00:00,pemilu
NandaJesica1,partai gerindra jadi menang milu 2024 jawa barat ungkap muzani prabowo dekade08,2023-01-17 03:35:55+00:00,pemilu
roeljogja79,rt narasinewsroom duga manipulasi data ubah berita acara perintah langsung kpu ri kpud buat lolos partai y,2023-01-17 03:35:42+00:00,pemilu
GRANDFATHER_71,nasdem optimistis bangettt bila apa udah yakin seluruh rakyat indonesia pilih,2023-01-17 03:35:39+00:00,pemilu
hdsambodo,rt zarazettirazr mirip warung masa covid buka tutup buka tutup,2023-01-17 03:35:25+00:00,pemilu
WAHABSIDIK5,rt billy4riez dapuk kiai bu nyai jadi jurkam milu pkb kejar target juara 2 milu,2023-01-17 03:35:24+00:00,pemilu
moderasikalbar,jangan biar politik praktis dengsn manfaat isu sara jadi jelang milu 2024 indonesiamaju,2023-01-17 03:35:13+00:00,pemilu
kumparan,presiden jokowi ingat kepala daerah jaga stabilitas politik aman jelang milu 2024 masyar,2023-01-17 03:35:08+00:00,pemilu
fahmiaudahsalim,tita83079013 cuman gara2 anies calon presiden tweeter tmbh rame kerja anies yg kurang baik d upload smp a,2023-01-17 03:35:07+00:00,pemilu
aurunika,nama prabowo subianto selalu muncul kali milu hendak ada prabowo dekade08 mendingprabowo,2023-01-17 03:35:07+00:00,pemilu
diyoex,rt diyoex paak rri tnial tniau divhumas polri saya adalah musuh utama y sejak belum milu 2014 si politikus pki lt komuni,2023-01-17 03:34:36+00:00,pemilu
BKertasari,rt humaspoldajbr cegah hoax jelang milu polri gelar koordinasi dengan instansi kait kadiv humas polri irjen pol prof dr dedi pr,2023-01-17 03:34:35+00:00,pemilu
AliyansyahRafli,partai gerindra jadi menang milu 2024 jawa barat ungkap muzani prabowo dekade08,2023-01-17 03:33:54+00:00,pemilu
NandaJesica1,partai raih banyak dua suara nasional milu 2019 instruksi kader sosialisasi mente,2023-01-17 03:33:49+00:00,pemilu
pramesty_nindy,partai gerindra jadi menang milu 2024 jawa barat ungkap muzani prabowo dekade08,2023-01-17 03:33:45+00:00,pemilu
FreyaIswari,partai gerindra jadi menang milu 2024 jawa barat ungkap muzani prabowo dekade08,2023-01-17 03:33:38+00:00,pemilu
aisaarchv,peachbunrsy kerennn bgttt kak ni aku lagi daftar jadi panitia milu doain kak aku jg pasrah hehe,2023-01-17 03:33:34+00:00,pemilu
prizuardi,rt teguhtimurcom hariman siregar kalau milu tunda karena alas tidak ada duit ngapain bikin ikn,2023-01-17 03:33:24+00:00,pemilu
iqbalink13,rt roseuune kpu minta bantu pgi wujud milu damai kualitas sukses pesta demokrasi yg diselenggarak,2023-01-17 03:33:08+00:00,pemilu
kontenislam_com,lahir wakil rakyat mental jongos hanura tegas tolak milu sistem proporsional tutup,2023-01-17 03:32:57+00:00,pemilu
BawasluHalsel,sahabatbawaslu lambat daftar tunggu hadir kantor panwaslu camat ya masih di,2023-01-17 03:32:47+00:00,pemilu
madisipadi,ini hidup chinese surabaya yg urus milu tgl 18-19 tgl 22 nya imlek selasa 17 jan 18 10 -,2023-01-17 03:32:37+00:00,pemilu
21BeritaTerkini,jokowi wanti-wanti kepala daerah soal politik identitas jelang milu 2024,2023-01-17 03:32:35+00:00,pemilu
AliyansyahRafli,partai raih banyak dua suara nasional milu 2019 instruksi kader sosialisasi mente,2023-01-17 03:32:27+00:00,pemilu
pramesty_nindy,partai raih banyak dua suara nasional milu 2019 instruksi kader sosialisasi mente,2023-01-17 03:32:06+00:00,pemilu
FreyaIswari,partai raih banyak dua suara nasional milu 2019 instruksi kader sosialisasi mente,2023-01-17 03:32:00+00:00,pemilu
FanyOktavia10,nama prabowo subianto selalu muncul kali milu hendak ada prabowo dekade08 mendingprabowo,2023-01-17 03:32:00+00:00,pemilu
AlwiBadral,nama prabowo subianto selalu muncul kali milu hendak ada prabowo dekade08 mendingprabowo,2023-01-17 03:31:57+00:00,pemilu
diyoex,rt diyoex mara bikin sya kakean cangkem kan milu jarak yg tidak sebentar yaitu 5 tahun gara2 lagi2 harus kait dgn orank,2023-01-17 03:31:55+00:00,pemilu
Herzaky__MP,rt panca66 kata cawapres serah anies tapi ahmad ali celometan mulu kayak orang baru panggung percuma kalau ala,2023-01-17 03:31:45+00:00,pemilu
CaturCesar,nama prabowo subianto selalu muncul kali milu hendak ada prabowo dekade08 mendingprabowo,2023-01-17 03:31:28+00:00,pemilu
ramelia_sndy,nama prabowo subianto selalu muncul kali milu hendak ada prabowo dekade08 mendingprabowo,2023-01-17 03:31:25+00:00,pemilu
PolhukamRI,menko polhukam perintah pasti sinergitas kesiap milu 2024 tepat waktu tuju,2023-01-17 03:31:25+00:00,pemilu
MudaPejoeang,rt teguhtimurcom hariman siregar kalau milu tunda karena alas tidak ada duit ngapain bikin ikn,2023-01-17 03:31:20+00:00,pemilu
iqbalink13,rt catatankaqihati dalam kunjung komisi pilih umum ri minta bantu satu gereja indonesia pgi mewujudk,2023-01-17 03:31:16+00:00,pemilu
Prenadamedia2,sangat relevan jadi bahan baca para civitas academica kampus 7 harga rp,2023-01-17 03:31:14+00:00,pemilu
Adityawarman_,rt thephraseid pks kabar maju kader ahmad heryawan kang aher cawapres damping anies baswedan thephraseid pk,2023-01-17 03:31:10+00:00,pemilu
Prenadamedia2,ingat dimensi bahas buku cakup baik aspek normatif maupun empiris selenggara milu p,2023-01-17 03:31:03+00:00,pemilu
Prenadamedia2,buku hadir saat tepat jaga lanjut evaluasi desain selenggara milu gun,2023-01-17 03:30:49+00:00,pemilu
EMokoginto,nama prabowo subianto selalu muncul kali milu hendak ada prabowo dekade08 mendingprabowo,2023-01-17 03:30:40+00:00,pemilu
Prenadamedia2,namun bagai eksperimentasi desain milu telah praktik pasca-reformasi tampak mampu menja,2023-01-17 03:30:38+00:00,pemilu
putra_jembes,rt sartonohutomo ahy jenguk andi arief rs moga lekas sembuh bang aa,2023-01-17 03:30:30+00:00,pemilu
ZuhdyRauf,rt narasinewsroom duga manipulasi data ubah berita acara perintah langsung kpu ri kpud buat lolos partai y,2023-01-17 03:30:29+00:00,pemilu
Prenadamedia2,jalan selenggara milu indonesia pasca-reformasi masih cari format ideal bagai peru,2023-01-17 03:30:28+00:00,pemilu
Prenadamedia2,kualitas demokrasi sangat gantung kualitas selenggara milu sehingga jadi penting mend,2023-01-17 03:30:19+00:00,pemilu
fel_freckless,rt ss succi askrlfess ku ken banget kuliah umum tidur posisi milu presiden jokowi minta maaf allah rasul,2023-01-17 03:30:17+00:00,pemilu
Prenadamedia2,buku potret cukup lengkap dinamika laksana demokrasi milu pasca-reformasi dalam suatu negar,2023-01-17 03:30:09+00:00,pemilu
Prenadamedia2,tata demokrasi amp milu di indonesia pasca-reformasi prof dr ni matul huda s h m hum amp m imam nasef s,2023-01-17 03:29:54+00:00,pemilu
MuhammadZuhriii,yashudha naka wayangmebel yangmulya otoniwdub whysato2 hudanmuksin rachman0565 kadingarang antibangsatbgs,2023-01-17 03:29:34+00:00,pemilu
FahrezaMaliq,nama prabowo subianto selalu muncul kali milu hendak ada prabowo dekade08 mendingprabowo,2023-01-17 03:29:25+00:00,pemilu
MulyonoMoel5,wijayantogempar mayaa62580468 asik bangeudh yaaa apa aja dikontenin soal esek2 kdrt jad,2023-01-17 03:29:22+00:00,pemilu
geloraco,lahir wakil rakyat mental jongos hanura tegas tolak milu sistem proporsional tutup,2023-01-17 03:29:17+00:00,pemilu
ppk_parang,jadwal laksana seleksi wawancara calon anggota pps milu tahun 2024 camat paranggupito,2023-01-17 03:29:03+00:00,pemilu
GolkarToday,erwin aksa dukung sistem milu proporsional buka ingin demokrasi makin progresif airlanggahartarto,2023-01-17 03:28:53+00:00,pemilu
ArzetiSilfia,rt oposisicerdas ada politis punya stasiun tv bawaslu bicara potensi sosialisasi milu tak adil,2023-01-17 03:28:48+00:00,pemilu
onxafn,alhamdulillah milu aman yen sampeyan ketua kpu ne,2023-01-17 03:28:29+00:00,pemilu
putra_jembes,rt yanharahap pdemokrat soal gugat sistem milu mk jangan jadi alat golong tentu,2023-01-17 03:28:23+00:00,pemilu
ArzetiSilfia,rt oposisicerdas hariman siregar kalau milu tunda karena alas tidak ada duit ngapain bikin ikn,2023-01-17 03:28:17+00:00,pemilu
MusaRudy_Stpl,rt didier617099 ada saran ni bt yg selalu nyinyir perintah sepert fz rr sd rh knp gk bikin partai baru terus ikut milu,2023-01-17 03:28:11+00:00,pemilu
HyEvan1,ampun lihat bodoh kadrun mau yg gak tamat sekolah profesor hingga mantan jabat asal gabung dg,2023-01-17 03:28:09+00:00,pemilu
iqbalink13,rt torrez 20 06 bawaslu ri kuat awas rekam jejak calon selenggara milu lalu kerja sama dgn asa indonesia lembaga yg,2023-01-17 03:28:02+00:00,pemilu
iqbalink13,rt alshaibashihab kpu minta bantu satu gereja indonesia pgi wujud milu damai demokratis kualitas kpu,2023-01-17 03:27:59+00:00,pemilu
SSastraprawira,rt narasinewsroom duga manipulasi data ubah berita acara perintah langsung kpu ri kpud buat lolos partai y,2023-01-17 03:27:56+00:00,pemilu
Mariohermawan5,oposisicerdas kata benar milu tinggal 370 hari x 1000 orang jadi psi tambah suara 370 000 suara,2023-01-17 03:27:34+00:00,pemilu
Nova11959688,rt brigade01arwan1 mau tahu hasil rekomendasi lengkap ijtima ulama nusantara dewan syuro pkb simak yaa luurs,2023-01-17 03:27:31+00:00,pemilu
NandaJesica1,nama prabowo subianto selalu muncul kali milu hendak ada prabowo dekade08 mendingprabowo,2023-01-17 03:27:23+00:00,pemilu
MahriBismillah,rt teguhtimurcom hariman siregar kalau milu tunda karena alas tidak ada duit ngapain bikin ikn,2023-01-17 03:27:04+00:00,pemilu
AliyansyahRafli,nama prabowo subianto selalu muncul kali milu hendak ada prabowo dekade08 mendingprabowo,2023-01-17 03:26:53+00:00,pemilu
pramesty_nindy,nama prabowo subianto selalu muncul kali milu hendak ada prabowo dekade08 mendingprabowo,2023-01-17 03:26:36+00:00,pemilu
FreyaIswari,nama prabowo subianto selalu muncul kali milu hendak ada prabowo dekade08 mendingprabowo,2023-01-17 03:26:26+00:00,pemilu
Jamalud87129057,rt edie candra nasihat baik dpp pkb sang nakhoda cakiminow arung milu 2024,2023-01-17 03:26:17+00:00,pemilu
DennisR_Wo,rt cobeh2022 turut cak nun emha ainun najib -jokowi firaun -luhut bp hamam -10 naga qarun sedang sekongkol mencengkram n,2023-01-17 03:26:15+00:00,pemilu
aacayyyyyy,rt intel orba 1 milu 2014 duga curang milu server tampung data yg masuk jebol hgg kali byk temu surat suara su,2023-01-17 03:26:12+00:00,pemilu
FatiaDenjaka,rt oposisicerdas ada politis punya stasiun tv bawaslu bicara potensi sosialisasi milu tak adil,2023-01-17 03:26:06+00:00,pemilu
Kpu_Beltim,rt kpu id bawaslu dkpp kemendagri ruang rapat komisi ii dpr ri rabu 11 1 2023 ketua kpu lapor kait kembang pe,2023-01-17 03:25:56+00:00,pemilu
AzamJavas,rt narasinewsroom duga manipulasi data ubah berita acara perintah langsung kpu ri kpud buat lolos partai y,2023-01-17 03:25:56+00:00,pemilu
KPU_JATIM,pasti wawancara calon anggota pps milu serentak 2024 jalan lancar kpu jatim laku supervisi monitor,2023-01-17 03:25:55+00:00,pemilu
Kpu_Beltim,rt kpu id daftar verifikasi serta milu tetap partai politik serta milu tahap sedang laksana tetap,2023-01-17 03:25:54+00:00,pemilu
Denish234,rt cobeh2022 turut cak nun emha ainun najib -jokowi firaun -luhut bp hamam -10 naga qarun sedang sekongkol mencengkram n,2023-01-17 03:25:47+00:00,pemilu
lukmanivora,rt ss succi askrlfess ku ken banget kuliah umum tidur posisi milu presiden jokowi minta maaf allah rasul,2023-01-17 03:25:44+00:00,pemilu
Kpu_Beltim,rt kpu id temanpemilih yuk pasti kamu daftar daftar pilih milu 2024 cara cek dpt online laman,2023-01-17 03:25:44+00:00,pemilu
Doyluvluv,aa love banyak buat kamu ni aku sampe banjir air mata mana sebentar aku mau batminton muka sembab,2023-01-19 01:34:17+00:00,banjir
LajmiMutiara,caramelluffyou cursedkidd ngga ga basah banjir doang hehe,2023-01-19 01:33:45+00:00,banjir
dreamtuitter,zebolady mohmahfudmd banjir duit di adil sesat,2023-01-19 01:33:40+00:00,banjir
fajriansyah683,oposisicerdas oooo arti hobby nonton bokep amp joget tiktok masuk cermin nilai islam to baru tau k,2023-01-19 01:33:28+00:00,banjir
Mang_Korong,rt bachrum achmadi sdhlah bong ga usah muncung klen treak2 hujat anies soal banjir amp sumur resap era ahok doang istana negara banji,2023-01-19 01:32:58+00:00,banjir
inibeneranuna,awal pagi mu emosi hujan deres macet banjir laper ken pipis,2023-01-19 01:32:37+00:00,banjir
evandala20,rt relawananies angkat jadi anggota board universitas oxford anies banjir apresiasi puji,2023-01-19 01:31:50+00:00,banjir
pjmeyestell,kalo gue jimin cerita balik hal sulit masa lalu keknha udh banjir air mata,2023-01-19 01:31:43+00:00,banjir
mariammahdar,rt fahmi fadzil 10 menteri bangun usahawan amp koperasi skop sumbang rm2 juta mangsa banjir,2023-01-19 01:31:16+00:00,banjir
Brutus04463720,bospurwa mrk bukan tolol cuma memang sdh kontrak suruh cukong sama dg psi yg gak punya kursi lbh parah,2023-01-19 01:31:13+00:00,banjir
Arunikajasmine,julbayur3 kalo mmbandingkan hrs apple to apple mesjid sheikh zayed hadiah jd ga pake anggar sendiri ka,2023-01-19 01:30:56+00:00,banjir
denaraeirlys,kdrama menfess bukan kdm tp kmovie judul ditto lewat fyp kata bikin banjir air mata tp gw gak,2023-01-19 01:28:48+00:00,banjir
pdhalbukan,tiiseptii andihiyat awas banjir kak,2023-01-19 01:27:59+00:00,banjir
yoga_ubinuno,19 365 bulan janur bal banjir labur,2023-01-19 01:27:50+00:00,banjir
AntoniusCDN,rt riakeynou pak ganjarpranowo minta masyarakat bukit jangan tanam jagung di tanam tanam kuat agar,2023-01-19 01:27:40+00:00,banjir
44maaa_,rt loveeispaint happy ever after kalo kamu nang bandung jadi banjir arzan lhc short au by loveeispaint,2023-01-19 01:27:30+00:00,banjir
B3doel___,rt riakeynou pak ganjarpranowo minta masyarakat bukit jangan tanam jagung di tanam tanam kuat agar,2023-01-19 01:26:42+00:00,banjir
zzbthxlr,kegblgnunfaedh halah rumah gua yg joglo dh lapuk gt tetep komplek enak mana gak pernah banjir dr luar,2023-01-19 01:26:33+00:00,banjir
pdhalbukan,verlinquu andihiyat siap2 banjir kak,2023-01-19 01:25:25+00:00,banjir
marsonom97,rt riakeynou pak ganjarpranowo minta masyarakat bukit jangan tanam jagung di tanam tanam kuat agar,2023-01-19 01:24:56+00:00,banjir
jawapos,bpbd medan sebut tanggul laut minimal banjir rob belawan,2023-01-19 01:24:51+00:00,banjir
yoncapo007,rt bachrum achmadi sdhlah bong ga usah muncung klen treak2 hujat anies soal banjir amp sumur resap era ahok doang istana negara banji,2023-01-19 01:24:34+00:00,banjir
pdhalbukan,qwsaze3 andihiyat lagi banjir kak,2023-01-19 01:23:59+00:00,banjir
Markadina88,rt riakeynou pak ganjarpranowo minta masyarakat bukit jangan tanam jagung di tanam tanam kuat agar,2023-01-19 01:23:03+00:00,banjir
modien_ganesa,rt jun062022 wahyu uniform metdros mayapada1108 2 atiroh07 sadrina147 thomastjik nagashima007 kowidongo hs meliala pribadibales,2023-01-19 01:23:00+00:00,banjir
rowanromano,rt xennials2 dr azmanibrahim orang miskin tak pergi new zealand harungi banjir sama ye dop,2023-01-19 01:22:16+00:00,banjir
m_syaf77,rt relawananies angkat jadi anggota board universitas oxford anies banjir apresiasi puji,2023-01-19 01:21:08+00:00,banjir
meli__here,ya ampun moga segera reda deh hujan subuh jam 4-an sampe sekarang loh air ancam banget ni,2023-01-19 01:19:42+00:00,banjir
AulyaRTsquirt23,good morning semangat rizki gk bakal tukar mari dpin terus atur jadwal untuk cinta kita desah bareng sampa,2023-01-19 01:19:38+00:00,banjir
Chocoren02,bangun tidur biasa butuh kamar mandi kan ya eh tau banjir allah kudu ngampet berapa lama,2023-01-19 01:19:06+00:00,banjir
amer__aljeffrey,oh tengah buat familiarization waktu banjir,2023-01-19 01:18:53+00:00,banjir
15jtcheesecake,txtdarihunterv2 hi met pagi have a good day semangat untuk hari ini moga hari banyak kabar bahagia d,2023-01-19 01:18:44+00:00,banjir
seruanhl,rt riakeynou pak ganjarpranowo minta masyarakat bukit jangan tanam jagung di tanam tanam kuat agar,2023-01-19 01:16:54+00:00,banjir
riza_ajir,edykiantolol andisinulingga justru ahok sendiri yg bongkar kasus beli tanah tsb nyata milik pemprov dki,2023-01-19 01:16:45+00:00,banjir
trahutomo,rt anaklolina2 kata warga yg bosan dgn mulut manis anies bosan terjang banjir lama 5 tahun solusi jadi siap di,2023-01-19 01:16:19+00:00,banjir
Otiztechnology1,rt zarnaout45,2023-01-19 01:16:09+00:00,banjir
NurhadiKuswant0,rt abwnewscom,2023-01-19 01:16:08+00:00,banjir
banjir_duit,theravencrypto,2023-01-19 01:15:48+00:00,banjir
gudminton_,rt ycamdg lupaberaktadi bwfscore ada alas gloria begitu yg minta dejan sendiri ada podcastnya jebret dan dejan td,2023-01-19 01:15:23+00:00,banjir
banjir_duit,theravencrypto goreduxnow,2023-01-19 01:14:59+00:00,banjir
VSlot4d,game live cassino slot4d onfire banjir cuan di game baccarat nya pagi nih bestie kamu tunggu su,2023-01-19 01:14:32+00:00,banjir
a_slot4d,game live cassino slot4d onfire banjir cuan di game baccarat nya pagi nih bestie kamu tunggu su,2023-01-19 01:14:13+00:00,banjir
ADITYOPRATAMA,rt trendasia org breaking news proyek bangun pltu jawa 9-10 nila us 3 2 miliar rendam banjir akibat curah hujan ting,2023-01-19 01:14:05+00:00,banjir
MulyaniDg,rt mmc ind teknologi mutakhir masa islam mitigasi bencana banjir history insight banjir pernah jadi masa jaya islam,2023-01-19 01:14:01+00:00,banjir
bang_alan84,rt aniesbaswedan untuk cari solusi tepat harus mulai tanya tepat aniesbaswedan kasisolusi podcast ba,2023-01-19 01:13:56+00:00,banjir
aslamnatsir,bagassaputtrraa gus dibyo ridwankamil jangan dibandingin sama banjir pati yah,2023-01-19 01:13:44+00:00,banjir
Ice_greenteaa,trial imbalance banjir,2023-01-19 01:13:28+00:00,banjir
ilililii15,rt ycamdg lupaberaktadi bwfscore ada alas gloria begitu yg minta dejan sendiri ada podcastnya jebret dan dejan td,2023-01-19 01:12:50+00:00,banjir
AprilinaEka3,cursedkidd iya banjir,2023-01-19 01:12:37+00:00,banjir
m_syaf77,rt aniesbaswedan untuk cari solusi tepat harus mulai tanya tepat aniesbaswedan kasisolusi podcast ba,2023-01-19 01:12:19+00:00,banjir
khahalagi,jalan depan rumah kan banjir tuh udh masuk teras bagi eeh mobil lewat kenceng masuk dah dalem air,2023-01-19 01:12:10+00:00,banjir
itzyujna,jiwoox hi kamu sampe banjir gitu,2023-01-19 01:10:33+00:00,banjir
mugionomugiono5,bhakti polri negeri samapta polresta banyumas evakuasi warga akibat banjir tempat ungsi telah,2023-01-19 01:10:32+00:00,banjir
seasssh,kangen sendal yg lelep banjir,2023-01-19 01:10:10+00:00,banjir
ThomasSunjaya,bospurwa banjir pornowo,2023-01-19 01:09:46+00:00,banjir
petabencana,summy win40 halo bencana bot untuk lapor banjir sekitar sila balas banjir,2023-01-19 01:08:55+00:00,banjir
sakhiarda08,manobanleo1 itu mah sengaja biar vt banyak yg nonton banyak yg like tau sendiri kn kremy tuh maniac berita2,2023-01-19 01:07:25+00:00,banjir
rahmans22161246,rt aniesbaswedan untuk cari solusi tepat harus mulai tanya tepat aniesbaswedan kasisolusi podcast ba,2023-01-19 01:07:18+00:00,banjir
petabencana,mluthfi96 halo bencana bot untuk lapor banjir sekitar sila balas banjir,2023-01-19 01:05:40+00:00,banjir
MLuthfi96,siang hujan banjir basah kuyup sampe pabrik telat luar biasa hari,2023-01-19 01:05:30+00:00,banjir
cici_paramin,antisipasi banjir ganjar dan tri pupr normalisasi sungai di jateng ganjarpranowo ganjar pranowo,2023-01-19 01:05:30+00:00,banjir
jpnncom,prakira cuaca bal kamis 19 1 hujan rata waspada potensi banjir amp angin kencang cuaca,2023-01-19 01:05:03+00:00,banjir
astipatrika,antisipasi banjir ganjar dan tri pupr normalisasi sungai di jateng ganjarpranowo ganjar pranowo,2023-01-19 01:05:00+00:00,banjir
edy10031976,rt riakeynou pak ganjarpranowo minta masyarakat bukit jangan tanam jagung di tanam tanam kuat agar,2023-01-19 01:04:38+00:00,banjir
DianHarits,rt mmc ind banyumas rumah rusak hingga krisis air bersih akibat luap embung kotor sapi blusukan kru mmc banjir bandang desa k,2023-01-19 01:03:46+00:00,banjir
KiecNaftali,banjir,2023-01-19 01:03:20+00:00,banjir
fadlunrahman,rt ycamdg lupaberaktadi bwfscore ada alas gloria begitu yg minta dejan sendiri ada podcastnya jebret dan dejan td,2023-01-19 01:02:46+00:00,banjir
DianHarits,rt mmc ind teknologi mutakhir masa islam mitigasi bencana banjir history insight banjir pernah jadi masa jaya islam,2023-01-19 01:02:44+00:00,banjir
romnticwin,day 19 bismillah banjir win,2023-01-19 01:02:33+00:00,banjir
poseidonshine,viral video siksa nenek demi dapat cuan tiktok banjir kritik netizen,2023-01-19 01:01:28+00:00,banjir
indomiewarkop,gua lahir bekas waktu kecil ada sawah ada pohon ceri langgan banjir dulu ngeraki,2023-01-19 01:00:52+00:00,banjir
Sad_isticc,askrlfess g diesel sih mantep cuma masalah kalo dipake jangka panjang mikir kalo batas so,2023-01-19 00:59:02+00:00,banjir
7eDanish,yusuf dumdum hubung sama kamu apa banjir jateng diam kamu tka china diam kamu kalau punya otak yg,2023-01-19 00:58:35+00:00,banjir
malikah65367056,rizkiasihan ingat pribumi saat rpublik bisa caplok pkc rrc krn sdh banjir tka rrc yg tdk tau brp jmlh,2023-01-19 00:57:52+00:00,banjir
kustiwanugraha,rt ekowboy2 gak bayang punya pimpin keren ini banjir prestasi dalam negeri amp aku kagum kancah internasional ber,2023-01-19 00:57:23+00:00,banjir
dayown22,i m soooooooooo happy for yuu maaf yut tp aku lebih suka kamu kalo lg luar kor a gin banjir update kamu,2023-01-19 00:57:13+00:00,banjir
Sidious619,mizuu 13 jangan macet banjir banyak begal,2023-01-19 00:57:11+00:00,banjir
lxnrspace,ayoo terus hujan aku dgn kegemesan tengah banjir galau,2023-01-19 00:56:56+00:00,banjir
RiaKeynou,pak ganjarpranowo minta masyarakat bukit jangan tanam jagung di tanam tanam k,2023-01-19 00:56:16+00:00,banjir
nizam1356,misi selamat kereta banjir,2023-01-19 00:56:09+00:00,banjir
Rtrtrt34129370,18fesss betul faktor stres itu coba aja hs pas cuti poko super bagus moodnya banjir deh,2023-01-19 00:54:24+00:00,banjir
dhonizus,rt hpwiratraman kalau begini ilmu titen arif sosial warga kendeng jauh lebih makna,2023-01-19 00:52:52+00:00,banjir
journallys,eriselfish oke kak thank you selamat nonton moga kuat tida banjir,2023-01-19 00:52:40+00:00,banjir
wahyutoto1,abu waras air alir jauh akhir laut makin padat duduk bangun tidak resap,2023-01-19 00:51:49+00:00,banjir
nancheonsaieyo,hujan sampe banjir wkwkwk izin aja apa gue,2023-01-19 00:51:28+00:00,banjir
qurrnami,rt alifmegat lagak macam kuat dalam hati sedang banjir,2023-01-19 00:51:26+00:00,banjir
biawaque,ttekkook zirologic sbmptnfess nya bagus atuh kalo gunung banjir meren bojongsoang sekitar jadi danau,2023-01-19 00:51:04+00:00,banjir
januar8572,rt anaklolina2 kata warga yg bosan dgn mulut manis anies bosan terjang banjir lama 5 tahun solusi jadi siap di,2023-01-19 00:50:40+00:00,banjir
Dharmas56190807,rt abwnewscom,2023-01-19 00:49:57+00:00,banjir
kngOcto09,prfmnews proyek mh sanes meres masalah banjir lngkung penting ngala bati,2023-01-19 00:49:30+00:00,banjir
MMargani5,rt aniesbaswedan untuk cari solusi tepat harus mulai tanya tepat aniesbaswedan kasisolusi podcast ba,2023-01-19 00:49:06+00:00,banjir
0ctoberWins2704,vr10088 morning uncle kamis manis moga hari lancar segala hal uncle banjir sponsor hunter banjir bigwin amin,2023-01-19 00:48:59+00:00,banjir
Luckyjenniie,vr10088 good morning mimin moga hari banjir sponsor aku jadi salah satu menang lapak mimin yg su,2023-01-19 00:48:59+00:00,banjir
jhabadi,aniesbaswedan feryfarhati nah coba dulu bapak bangun dki london yg hasil atas banjir dan,2023-01-19 00:48:58+00:00,banjir
gagoisseo,collegemenfess congrats senderrr keren banget aku mau dapetin 3 50 aja kudu banjir air mata banjir keringat ba,2023-01-19 00:47:39+00:00,banjir
Khabee12,assalamualaikum semua selamat pagi gimana kabar sini banjir hampir masuk rumah hujan semalem,2023-01-19 00:47:26+00:00,banjir
Midun_FC24,rt relawananies angkat jadi anggota board universitas oxford anies banjir apresiasi puji,2023-01-19 00:46:12+00:00,banjir
maguaddict,cursedkidd abis banjir dik dizolimi m,2023-01-19 00:46:11+00:00,banjir
NorisSuta,rt bachrum achmadi sdhlah bong ga usah muncung klen treak2 hujat anies soal banjir amp sumur resap era ahok doang istana negara banji,2023-01-19 00:44:16+00:00,banjir
moooonculf,januari tengah udah kelabu sangat amat hujan badai angin ribut topan tsunami hantam karang hancur keping keping,2023-01-19 01:43:06+00:00,badai
_ZaffrulZamry,rt hakiimismail95 dalam bab awal islam amp secularisme prof al-attas sebut bagaimana kristian wakil gereja paksa lebur prins,2023-01-19 01:39:02+00:00,badai
robi_yazid,bila cinta tak kunjung tiba umur terus tua diri anggap nikah jalan de,2023-01-19 01:37:35+00:00,badai
anisaputriaman,jika bahagia hanya sifat sementara maka izin aku nikmat badai badai sedih,2023-01-19 01:36:08+00:00,badai
HaziqWahyu,dr490ne grandluckyscbd iya sender maaf ya aku maksud hibur moga badai cepat lalu sembuh lebih,2023-01-19 01:36:04+00:00,badai
riqkymakhpela,rt samuelwando nah kan badai lagi gak usah pelangi hilang awan hitam aja belum,2023-01-19 01:34:39+00:00,badai
DianLuwita,terkadang ibu bpk juang mati2an utk sekolah ank ny sukses tdk kenal hujan panas badai sekalipu,2023-01-19 01:34:20+00:00,badai
BelutKiri,clubsonthird perahu nelayan tenggelam badai lalu kalo salah kata renang nelayan dike,2023-01-19 01:33:59+00:00,badai
notpartof0xfam,nyata badai lalu,2023-01-19 01:30:45+00:00,badai
WarmeiOfficial,tindak nafsu sama layar lewat badai keep woles aja bray gausah pake napsu napsu birah -,2023-01-19 01:30:16+00:00,badai
jasamentions1,yuk belanja woman stuff paling kece badai cintami shop trusted olshop barang oke segera sms 085776745993 iklanotomatis,2023-01-19 01:30:08+00:00,badai
relapthesynap,congress aur rahul ji samarthakon se ek hi veenti hain kripya chutiye jhaatu nalle andhbhakton ko koi bhaav na,2023-01-19 01:29:52+00:00,badai
Bisniscom,ini daftar 4 usaha hantam badai phk purwakarta,2023-01-19 01:26:33+00:00,badai
chintyagloryaa,telah lewat badai yg besar ada takut cemas,2023-01-19 01:24:25+00:00,badai
lisagorenk,njir ni org bener bener badai tidur stress bangun tidur stress mandi stress makan stress allahhhhh,2023-01-19 01:22:45+00:00,badai
irman_sabar,rt koh alien bendera tetap kibar tanda cinta negara walau terpa badai fitnah yg sangat dahsyat yg tak semua orang kua,2023-01-19 01:20:48+00:00,badai
Mhmd_adn4n,rt sayid machmoed usah sedih kala badai uji terpa ke,2023-01-19 01:13:32+00:00,badai
afiqtion,michellelanious there s pawana badai but more violent like ribut,2023-01-19 01:11:23+00:00,badai
bumik_kim1,yoonaliw anti badai,2023-01-19 01:11:02+00:00,badai
HakubaSaguru_,tenang tenang aku segera reda badai kasus - me,2023-01-19 01:10:55+00:00,badai
matchafalala,pms pertama hujan badai macet total telat keseleo banyak masalah that s a wrap,2023-01-19 01:10:21+00:00,badai
nuno_yusuf,memphis sdh atletico madrid seperti barca gk perlu cari ganti ini klo gk badai cedera krn di,2023-01-19 01:09:53+00:00,badai
lliG_Gill,badai benalu,2023-01-19 01:09:26+00:00,badai
kjiwoogn,asahyikun tetep trabas aja lah gak takut punya yaya tangkal badai,2023-01-19 01:07:21+00:00,badai
eko_wiradana,aku sering tikam cinta pernah lempar badai aku tetap diri nyanyi jiwa - album swami il 1991,2023-01-19 01:03:28+00:00,badai
hasbiash_s,dioprstyo adekumala lah kan pikir joget tiktok tuu dah dance modern kece badai si paling aing keren,2023-01-19 00:58:31+00:00,badai
rikasetyorini,literarybase habis baca pulang jadi pengin beli badai rekomendasi mana ga terlalu tarik ka,2023-01-19 00:55:23+00:00,badai
muhayyasyukran,jokowi jangan pikir yg ekstrim pak yg rentan miskin pikir bahkan jumlah mungkin lebih ban,2023-01-19 00:54:12+00:00,badai
vickyzvz,klo sm nge treat comeback nya 127 bener langsung badai kayak udh hopeless yg kayak ah udehlah udh berapa kal,2023-01-19 00:53:48+00:00,badai
_Aimi_na,rt hakiimismail95 dalam bab awal islam amp secularisme prof al-attas sebut bagaimana kristian wakil gereja paksa lebur prins,2023-01-19 00:52:23+00:00,badai
sudirjojo123,rt koh alien bendera tetap kibar tanda cinta negara walau terpa badai fitnah yg sangat dahsyat yg tak semua orang kua,2023-01-19 00:50:02+00:00,badai
elfira_septi,rt gitasa725 askara putra alfahri nak hadir nanti dua orang tua amp anggota keluarga meski hadir iring ber,2023-01-19 00:49:06+00:00,badai
eggcarrotxz,littleinzen kapan badai l word selesai,2023-01-19 00:48:43+00:00,badai
bknakbar,dh udh galau nya udahn sekarang makan nasgor aja smbil nonton vidio praktek karna tidak tau badai apa yg depan nnti,2023-01-19 00:48:20+00:00,badai
emaknya_wraith,rt sayid machmoed usah sedih kala badai uji terpa ke,2023-01-19 00:46:26+00:00,badai
mschavez99,ya allah badai bgt baru aja 2023,2023-01-19 00:45:08+00:00,badai
jeuwukasyem,ujan badai angin topan y0c3f hirau tetap masuk biasa,2023-01-19 00:40:11+00:00,badai
bakla_yonea,on page 265 of 456 of badai pasti lalu by marga t,2023-01-19 00:39:03+00:00,badai
shinjungkyun,cewek badai kalah cewek cetar dua tak sama wanita sederhana cantik hati,2023-01-19 00:38:53+00:00,badai
hi_disaaaa,masih awal tahun badai kencang banget ini bukan soal badai,2023-01-19 00:36:54+00:00,badai
childeesimp,heizoushi badai salju hahhaa,2023-01-19 00:34:12+00:00,badai
beelleame,abeel abis mas badai ikut ngambeek,2023-01-19 00:32:39+00:00,badai
Dimas_satriap,vindaazizah kak cantik badai banget,2023-01-19 00:32:11+00:00,badai
AriefpribadiDMP,rt koh alien bendera tetap kibar tanda cinta negara walau terpa badai fitnah yg sangat dahsyat yg tak semua orang kua,2023-01-19 00:29:48+00:00,badai
rightpperson,semenjak ngerantau rasa semua emng bisa dikerjain sendiri tingkat mandiri tingkat banget kek ga,2023-01-19 00:29:27+00:00,badai
rantiast,fix mau beli jas ujan biar kalo hujan badai petir gue tetep pake motor,2023-01-19 00:29:06+00:00,badai
01januaryrain,jinggayul acel for eternity happy endinggg walaupun yhaaaaa naik turun kena badai,2023-01-19 00:27:49+00:00,badai
Mpok_Hanum,rt rahman ima ini bukan kerja firaun karena firaun gak nimbun beras gin banyak u biar busuk lalu kerja siapa,2023-01-19 00:27:37+00:00,badai
DadangErli8,rt haylur95 hujan badai angin ribut,2023-01-19 00:25:11+00:00,badai
SitiNur02035631,rt gitasa725 askara putra alfahri nak hadir nanti dua orang tua amp anggota keluarga meski hadir iring ber,2023-01-19 00:24:19+00:00,badai
hanabiayanokoji,babufess liloupad itu nder bisa ngomong buat luas jarak pandang waktu badai pasir dia hilang,2023-01-19 00:22:53+00:00,badai
mpokailee,hai ailee unyu badai cetar bahana sini,2023-01-19 00:22:37+00:00,badai
UpdateLirik,darah indonesia walau badai menghadang kau tak pernah hilang supermanisdead jadi legenda,2023-01-19 00:22:36+00:00,badai
itemenawan,kai kece badai item tawan visual hasil terimakasih,2023-01-19 00:21:45+00:00,badai
cepiotree,vvotanet versi jkt48 first love freya oshi cepio oshi wrecker marsha jessi fav song di tengah hujan bada,2023-01-19 00:20:19+00:00,badai
muspul,bagaimana bumi lebih kering panas kemarau basah badai sama isu iklim amat luas sebenarny,2023-01-19 00:19:12+00:00,badai
sakanaisafish,babufess kata sih fungsi buat nambah jarak pandang badai pasir iring jalan quest kita nem,2023-01-19 00:16:31+00:00,badai
yooyooayoo,rt gsoddess convomf plis tuh cantik banget banget banget kaya ga peduli selebay apa tuh tetep cantik njir stylenya ya,2023-01-19 00:15:41+00:00,badai
alettalvaniella,mtk ttp msk hujan badai,2023-01-19 00:13:15+00:00,badai
HerlesNkri,rt haylur95 hujan badai angin ribut,2023-01-19 00:10:17+00:00,badai
setanlicious,nek udin perhatiin uda 1 minggu g nyirih lg iya nenek mau move-on dr nyirih bsk mau psg behel aja biar kl ngengir unyu badai x x,2023-01-19 00:05:40+00:00,badai
chimin_idris,rt sandiuno lewat badai covid pariwisata bangkit ekonomi lejit satu kata ingin ungkap alhamdulillah,2023-01-19 00:05:21+00:00,badai
3082Ardian,rt kevynsaverio badai phk produsen reebok nike tangerang pabrik sepi dagang gigit jari burih demo naik upah hasil naik ga,2023-01-19 00:03:41+00:00,badai
vicramaditya,lagu eric clapton selalu ingetin jaman sd tiap pulang sekolah trus hujan badai jemput pake mobil lil,2023-01-19 00:01:09+00:00,badai
aladinselalu,rt gitasa725 askara putra alfahri nak hadir nanti dua orang tua amp anggota keluarga meski hadir iring ber,2023-01-19 00:00:57+00:00,badai
Ve_Jkt_48,vejkt48 ve kamu badai,2023-01-19 00:00:50+00:00,badai
AndreGe28635567,kemarau tak peduli hujan datang sama gerimis badai ia pasrah tabah tunggu langit isak menang,2023-01-19 00:00:22+00:00,badai
kumalahariru,rt sandiuno lewat badai covid pariwisata bangkit ekonomi lejit satu kata ingin ungkap alhamdulillah,2023-01-18 23:53:55+00:00,badai
cecepumar,keren beliau beberapa tahun lalu kena badai masalah bisa kebal eks salut abah qomar,2023-01-18 23:53:06+00:00,badai
rhySCOUPS,heijoyie demi terjang badai,2023-01-18 23:52:05+00:00,badai
orgilarea,pls mimpi naik kpal terjang ombak badai,2023-01-18 23:48:47+00:00,badai
indanaNida,rt sayid machmoed usah sedih kala badai uji terpa ke,2023-01-18 23:48:22+00:00,badai
apaNEEHHHH,ohmygod its been a long time huhu kira2 badai apa ini anyway welcome back,2023-01-18 23:46:56+00:00,badai
beelleame,addictvve abel pikir abeel telah korek-koreek seperti mas badai,2023-01-18 23:46:33+00:00,badai
manir_rabah,carsnationn badai belgium standard ba,2023-01-18 23:44:36+00:00,badai
rentakada1,rt koh alien bendera tetap kibar tanda cinta negara walau terpa badai fitnah yg sangat dahsyat yg tak semua orang kua,2023-01-18 23:44:10+00:00,badai
Richard_Bigwin,hidup bukan tunggu badai lalu tetapi ajar tari tengah hujan,2023-01-18 23:43:31+00:00,badai
Ayyara171,rt gitasa725 askara putra alfahri nak hadir nanti dua orang tua amp anggota keluarga meski hadir iring ber,2023-01-18 23:35:53+00:00,badai
Tulalit11546618,rt sayid machmoed usah sedih kala badai uji terpa ke,2023-01-18 23:32:26+00:00,badai
offtoathens,rt hakiimismail95 dalam bab awal islam amp secularisme prof al-attas sebut bagaimana kristian wakil gereja paksa lebur prins,2023-01-18 23:29:57+00:00,badai
fruittiti_,kristiono73 rambut badai weww,2023-01-18 23:26:44+00:00,badai
surtikade,rt koh alien bendera tetap kibar tanda cinta negara walau terpa badai fitnah yg sangat dahsyat yg tak semua orang kua,2023-01-18 23:24:27+00:00,badai
Bayuratama_,jika biasa lewat badai lantas harus usik gerimis,2023-01-18 23:22:31+00:00,badai
BalvyHaddad,gatypolagi itu dia sejak badai akun yg biasa lewat lewat jalan kali yaa typo,2023-01-18 23:19:57+00:00,badai
bayucaak,jangan henti sedang lewat badai terus lah lari hingga tuju tempat ram,2023-01-18 23:16:43+00:00,badai
Ibrahim78704863,rt koh alien bendera tetap kibar tanda cinta negara walau terpa badai fitnah yg sangat dahsyat yg tak semua orang kua,2023-01-18 23:13:59+00:00,badai
siasatdiksi,wn segala interaksi on hold tulis tama sedang terjang badai hidup,2023-01-18 23:13:43+00:00,badai
puttnabilla,rt luvinfaisy aku udah biasa ngerasain badai untuk kali aku cape mau lari gatau,2023-01-18 23:12:30+00:00,badai
vvarganet1,rt ambyaranl cuma ingat saja tengah badai baru jadi gerombol antek neo voc sedang coba untuk,2023-01-18 23:11:50+00:00,badai
Nada10062503,rt koh alien bendera tetap kibar tanda cinta negara walau terpa badai fitnah yg sangat dahsyat yg tak semua orang kua,2023-01-18 23:09:39+00:00,badai
satria00224511,hari gin galau mending bantu vote kita zevitzone gue ken banget sekolah gue smpn88jkt bikin pensi badai naikinsekolahlo,2023-01-18 23:07:58+00:00,badai
postm0rt3m,post coenam hanya badai kecil bahtera rumah tangga heaters gonna heat,2023-01-18 23:06:12+00:00,badai
_dewiparamitha,rt arrof11 maka alloh perintah jibril tutup mulut sapi tidak bicara lagi badai uz-zuhur amp qishosul anbiya,2023-01-18 23:02:50+00:00,badai
lukhat11,rt koh alien bendera tetap kibar tanda cinta negara walau terpa badai fitnah yg sangat dahsyat yg tak semua orang kua,2023-01-18 23:02:14+00:00,badai
foers792,rt koh alien bendera tetap kibar tanda cinta negara walau terpa badai fitnah yg sangat dahsyat yg tak semua orang kua,2023-01-18 22:56:37+00:00,badai
kanjenglisti,angin sejuk serta badai,2023-01-18 22:51:11+00:00,badai
Firmansyahlepi,rt sayid machmoed usah sedih kala badai uji terpa ke,2023-01-18 22:50:44+00:00,badai
akieyyys,rt luvinfaisy aku udah biasa ngerasain badai untuk kali aku cape mau lari gatau,2023-01-18 22:49:51+00:00,badai
ses_Q,rt sayid machmoed usah sedih kala badai uji terpa ke,2023-01-18 22:48:36+00:00,badai
siwmon,acc bekas with usn -tahan banting tahan badai - v all pake nomor indo 6 zonauang zonaaba,2023-01-18 22:45:44+00:00,badai
